Error,dError,PWM
0.50,0.50,140
0.50,0.00,146
0.47,-0.03,151
0.45,-0.02,156
0.41,-0.04,160
0.41,-0.00,165
0.38,-0.03,169
0.33,-0.05,172
0.32,-0.01,175
0.26,-0.06,177
0.27,0.01,180
0.22,-0.05,182
0.19,-0.03,184
0.16,-0.03,185
0.14,-0.02,186
0.13,-0.01,187
0.12,-0.01,188
0.08,-0.03,188
0.06,-0.03,188
0.04,-0.02,188
0.02,-0.01,188
-0.01,-0.04,188
-0.01,-0.00,188
-0.01,-0.00,188
-0.04,-0.03,188
-0.06,-0.02,188
-0.08,-0.02,187
-0.09,-0.01,186
-0.10,-0.01,185
-0.10,-0.01,184
-0.11,-0.00,183
-0.09,0.02,183
-0.09,-0.01,182
-0.10,-0.01,181
-0.11,-0.01,180
-0.08,0.02,180
-0.09,-0.01,179
-0.13,-0.03,178
-0.13,0.00,177
-0.15,-0.03,175
-0.14,0.01,174
-0.14,0.01,173
-0.13,0.00,172
-0.13,0.00,171
-0.15,-0.02,169
-0.17,-0.02,167
-0.16,0.01,166
-0.15,0.01,165
-0.17,-0.02,163
-0.16,0.01,162
-0.15,0.01,161
-0.14,0.01,160
-0.16,-0.02,158
-0.15,0.01,157
-0.15,0.01,156
-0.14,0.01,155
-0.13,0.00,154
-0.13,0.00,153
-0.13,0.00,152
-0.13,0.00,151
-0.13,0.00,150
-0.13,0.00,149
-0.12,0.00,148
-0.12,0.00,147
-0.12,0.00,146
-0.12,0.00,145
-0.12,0.00,144
-0.10,0.03,144
-0.10,-0.01,143
-0.08,0.02,143
-0.09,-0.01,142
-0.10,-0.01,141
-0.11,-0.01,140
-0.08,0.02,140
-0.07,0.02,140
-0.08,-0.01,139
-0.09,-0.01,138
-0.07,0.02,138
-0.06,0.01,138
-0.07,-0.02,137
-0.06,0.01,137
-0.05,0.01,137
-0.07,-0.02,137
-0.06,0.01,137
-0.05,0.01,137
-0.07,-0.02,137
-0.08,-0.01,136
-0.06,0.02,136
-0.05,0.01,136
-0.07,-0.02,136
-0.03,0.04,136
-0.05,-0.02,136
-0.07,-0.02,135
-0.03,0.04,135
-0.05,-0.02,135
-0.05,0.01,135
-0.04,0.01,135
-0.06,-0.02,135
-0.05,0.01,135
-0.04,0.01,135
-0.04,0.01,135
-0.03,0.00,135
-0.05,-0.02,135
-0.02,0.03,135
-0.04,-0.03,135
-0.01,0.03,135
-0.04,-0.03,135
-0.01,0.03,135
-0.04,-0.03,135
-0.01,0.03,135
-0.04,-0.03,135
-0.01,0.03,135
-0.03,-0.03,135
-0.00,0.03,135
-0.03,-0.03,135
-0.00,0.03,135
-0.01,-0.00,135
-0.01,-0.00,135
0.01,0.02,135
0.03,0.02,135
-0.01,-0.04,135
0.02,0.02,135
0.03,0.02,135
0.02,-0.01,135
0.01,-0.01,135
0.03,0.02,135
-0.01,-0.04,135
0.01,0.02,135
0.03,0.02,135
0.02,-0.01,135
0.01,-0.01,135
0.03,0.02,135
0.04,0.01,135
0.03,-0.02,135
0.02,-0.01,135
0.03,0.02,135
0.02,-0.01,135
0.01,-0.01,135
0.03,0.02,135
0.04,0.01,135
0.05,0.01,135
0.04,-0.02,135
0.02,-0.01,135
0.04,0.02,135
0.05,0.01,135
0.06,0.01,135
0.04,-0.02,135
0.05,0.01,135
0.03,-0.02,135
0.05,0.01,135
0.06,0.01,135
0.06,0.01,135
0.04,-0.02,135
0.03,-0.02,135
0.04,0.01,135
0.05,0.01,135
0.06,0.01,135
0.04,-0.02,135
0.03,-0.01,135
0.04,0.01,135
0.05,0.01,135
0.06,0.01,135
0.01,-0.05,135
0.03,0.02,135
0.05,0.01,135
0.06,0.01,135
0.04,-0.02,135
0.02,-0.01,135
0.04,0.02,135
0.05,0.01,135
0.06,0.01,135
0.07,0.01,135
0.04,-0.02,135
0.03,-0.02,135
0.04,0.01,135
0.05,0.01,135
0.06,0.01,135
0.04,-0.02,135
0.03,-0.01,135
0.04,0.01,135
0.03,-0.01,135
0.02,-0.01,135
0.03,0.02,135
0.02,-0.01,135
0.01,-0.01,135
0.03,0.02,135
0.02,-0.01,135
0.01,-0.01,135
0.03,0.02,135
0.02,-0.01,135
0.01,-0.01,135
0.03,0.02,135
0.02,-0.01,135
0.01,-0.01,135
0.03,0.02,135
0.02,-0.01,135
0.01,-0.01,135
0.03,0.02,135
-0.01,-0.04,135
0.01,0.02,135

